{
    "model": "LogSequenceTransformer",
    "accuracy": 0.9733333333333334,
    "precision_anomaly": 0.967032967032967,
    "recall_anomaly": 0.9777777777777777,
    "f1_anomaly": 0.9723756906077348,
    "loss": 0.06517436498931299,
    "classification_report": {
        "normal": {
            "precision": 0.9792746113989638,
            "recall": 0.9692307692307692,
            "f1-score": 0.9742268041237113,
            "support": 195.0
        },
        "anomaly": {
            "precision": 0.967032967032967,
            "recall": 0.9777777777777777,
            "f1-score": 0.9723756906077348,
            "support": 180.0
        },
        "accuracy": 0.9733333333333334,
        "macro avg": {
            "precision": 0.9731537892159654,
            "recall": 0.9735042735042735,
            "f1-score": 0.973301247365723,
            "support": 375.0
        },
        "weighted avg": {
            "precision": 0.9733986221032852,
            "recall": 0.9733333333333334,
            "f1-score": 0.9733382696360425,
            "support": 375.0
        }
    },
    "confusion_matrix": [
        [
            189,
            6
        ],
        [
            4,
            176
        ]
    ],
    "classes": [
        "normal",
        "anomaly"
    ],
    "max_len": 20,
    "epochs": 15,
    "batch_size": 32,
    "learning_rate": 0.001,
    "embedding_dim": 64,
    "num_heads": 4,
    "num_layers": 2,
    "ff_dim": 128,
    "dropout": 0.2
}